2013;Aide à la personne;Singapour;GOLD
2013;Aide à la personne;Finlande;SILVER
2013;Aide à la personne;Italie;BRONZE
2013;Arts graphiques;Brésil;GOLD
2013;Arts graphiques;Indonésie;GOLD
2013;Arts graphiques;Taiwan;BRONZE
2013;Bijouterie/Joaillerie;Corée du Sud;GOLD
2013;Bijouterie/Joaillerie;Australie;SILVER
2013;Bijouterie/Joaillerie;Iran;SILVER
2013;Bijouterie/Joaillerie;Brésil;SILVER
2013;Câblage des réseaux informatiques;Japon;GOLD
2013;Câblage des réseaux informatiques;Singapour;SILVER
2013;Câblage des réseaux informatiques;Corée du Sud;BRONZE
2013;Carrelage;Allemagne;GOLD
2013;Carrelage;Suisse;GOLD
2013;Carrelage;Autriche;GOLD
2013;Carrelage;France;BRONZE
2013;Charpente;Corée du Sud;GOLD
2013;Charpente;Suisse;SILVER
2013;Charpente;Allemagne;BRONZE
2013;Charpente Métallique de Construction;Corée du Sud;GOLD
2013;Charpente Métallique de Construction;Japon;SILVER
2013;Charpente Métallique de Construction;Finlande;BRONZE
2013;Charpente Métallique de Construction;Autriche;BRONZE
2013;CNC Fraisage;Corée du Sud;GOLD
2013;CNC Fraisage;Brésil;GOLD
2013;CNC Fraisage;Chine;BRONZE
2013;CNC Fraisage;Suisse;BRONZE
2013;CNC Tournage;Thailande;GOLD
2013;CNC Tournage;Corée du Sud;SILVER
2013;CNC Tournage;Japon;BRONZE
2013;Coiffure;France;GOLD
2013;Coiffure;Chine;SILVER
2013;Coiffure;Corée du Sud;BRONZE
2013;Contrôle industriel;Suède;GOLD
2013;Contrôle industriel;Japon;SILVER
2013;Contrôle industriel;Brésil;BRONZE
2013;Cuisinier;Autriche;GOLD
2013;Cuisinier;France;SILVER
2013;Cuisinier;Taiwan;BRONZE
2013;Cuisinier;Norvège;BRONZE
2013;Cuisinier;Suisse;BRONZE
2013;DAO-Dessin industriel;Suisse;GOLD
2013;DAO-Dessin industriel;Corée du Sud;SILVER
2013;DAO-Dessin industriel;Brésil;SILVER
2013;Ébénisterie;Royaume-Uni;GOLD
2013;Ébénisterie;Finlande;SILVER
2013;Ébénisterie;Autriche;BRONZE
2013;Ébénisterie;Italie;BRONZE
2013;Électronique;Taiwan;GOLD
2013;Électronique;Suisse;GOLD
2013;Électronique;Japon;BRONZE
2013;Électronique;Corée du Sud;BRONZE
2013;Entretien d'aéronef;Irlande;GOLD
2013;Entretien d'aéronef;Suède;SILVER
2013;Entretien d'aéronef;Nouvelle-Zélande;SILVER
2013;Entretien d'aéronef;Royaume-Uni;BRONZE
2013;Entretien d'aéronef;Finlande;BRONZE
2013;Fleuriste;Taiwan;GOLD
2013;Fleuriste;Corée du Sud;GOLD
2013;Fleuriste;Finlande;BRONZE
2013;Génie plastique;Japon;GOLD
2013;Génie plastique;Thailande;GOLD
2013;Génie plastique;Taiwan;BRONZE
2013;Gestion de réseaux informatiques;Japon;GOLD
2013;Gestion de réseaux informatiques;Singapour;GOLD
2013;Gestion de réseaux informatiques;Taiwan;BRONZE
2013;Imprimerie;Suisse;GOLD
2013;Imprimerie;Allemagne;SILVER
2013;Imprimerie;Chine;BRONZE
2013;Installation électrique;Japon;GOLD
2013;Installation électrique;Suisse;GOLD
2013;Installation électrique;Corée du Sud;BRONZE
2013;Installation électrique;Suède;BRONZE
2013;Installation électrique;Royaume-Uni;BRONZE
2013;Jardinier/paysagiste;Suisse;GOLD
2013;Jardinier/paysagiste;Allemagne;SILVER
2013;Jardinier/paysagiste;Autriche;BRONZE
2013;Maçonnerie;Royaume-Uni;GOLD
2013;Maçonnerie;Danemark;SILVER
2013;Maçonnerie;Autriche;SILVER
2013;Maçonnerie;Italie;SILVER
2013;Manufacturing Team Challenge;Corée du Sud;GOLD
2013;Manufacturing Team Challenge;Japon;SILVER
2013;Manufacturing Team Challenge;Pays-Bas;BRONZE
2013;Mécatronique;Brésil;GOLD
2013;Mécatronique;Taiwan;SILVER
2013;Mécatronique;Norvège;SILVER
2013;Mécatronique;Allemagne;BRONZE
2013;Menuiserie;Suisse;GOLD
2013;Menuiserie;France;SILVER
2013;Menuiserie;Autriche;SILVER
2013;Menuiserie;Taiwan;SILVER
2013;Mode et création;Finlande;GOLD
2013;Mode et création;France;SILVER
2013;Mode et création;Taiwan;BRONZE
2013;Mode et création;Suisse;BRONZE
2013;Pâtissier/confiseur;Corée du Sud;GOLD
2013;Pâtissier/confiseur;France;SILVER
2013;Pâtissier/confiseur;Taiwan;BRONZE
2013;Peinture automobile;Suisse;GOLD
2013;Peinture automobile;Suède;SILVER
2013;Peinture automobile;Norvège;BRONZE
2013;Peinture automobile;Danemark;BRONZE
2013;Peinture et décoration;Autriche;GOLD
2013;Peinture et décoration;France;GOLD
2013;Peinture et décoration;Taiwan;BRONZE
2013;Plâtrerie et Construction Sèche;Taiwan;GOLD
2013;Plâtrerie et Construction Sèche;Allemagne;GOLD
2013;Plâtrerie et Construction Sèche;Corée du Sud;BRONZE
2013;Plâtrerie et Construction Sèche;Irlande;BRONZE
2013;Plomberie et chauffage;Irlande;GOLD
2013;Plomberie et chauffage;Autriche;GOLD
2013;Plomberie et chauffage;Italie;GOLD
2013;Plomberie et chauffage;Corée du Sud;BRONZE
2013;Polymécanique/Automation;Brésil;GOLD
2013;Polymécanique/Automation;Allemagne;SILVER
2013;Polymécanique/Automation;Corée du Sud;SILVER
2013;Polymécanique/Automation;Suisse;SILVER
2013;Modélisme;Taiwan;GOLD
2013;Modélisme;Thailande;SILVER
2013;Modélisme;Indonésie;SILVER
2013;Réfrigération technique;Canada;GOLD
2013;Réfrigération technique;Corée du Sud;GOLD
2013;Réfrigération technique;Taiwan;BRONZE
2013;Réfrigération technique;Brésil;BRONZE
2013;Réfrigération technique;Chine;BRONZE
2013;Robotique mobile;Corée du Sud;GOLD
2013;Robotique mobile;Iran;SILVER
2013;Robotique mobile;Japon;BRONZE
2013;Service de restauration;Suisse;GOLD
2013;Service de restauration;Australie;SILVER
2013;Service de restauration;Taiwan;SILVER
2013;Service de restauration;Allemagne;SILVER
2013;Service de restauration;Autriche;BRONZE
2013;Soins de Beauté;Taiwan;GOLD
2013;Soins de Beauté;Singapour;GOLD
2013;Soins de Beauté;Suède;BRONZE
2013;Soudage;Corée du Sud;GOLD
2013;Soudage;États-Unis;SILVER
2013;Soudage;Brésil;SILVER
2013;Soudage;Australie;BRONZE
2013;Taille de pierre;Autriche;GOLD
2013;Taille de pierre;France;SILVER
2013;Taille de pierre;Royaume-Uni;SILVER
2013;Taille de pierre;Japon;SILVER
2013;Technologie automobile;Australie;GOLD
2013;Technologie automobile;Corée du Sud;SILVER
2013;Technologie automobile;Italie;SILVER
2013;Technologie automobile;Suisse;BRONZE
2013;Technologie d’information applications de logiciels;Corée du Sud;GOLD
2013;Technologie d’information applications de logiciels;Singapour;SILVER
2013;Technologie d’information applications de logiciels;Brésil;SILVER
2013;Technologie d’information applications de logiciels;Suisse;SILVER
2013;Tôlerie;Taiwan;GOLD
2013;Tôlerie;Brésil;SILVER
2013;Tôlerie;Corée du Sud;SILVER
2013;Tôlerie/Carrosserie;Japon;GOLD
2013;Tôlerie/Carrosserie;Taiwan;SILVER
2013;Tôlerie/Carrosserie;Suisse;BRONZE
2013;Tôlerie/Carrosserie;Royaume-Uni;BRONZE
2013;Tôlerie/Carrosserie;Allemagne;BRONZE
2013;Visual Merchandising;Pays-Bas;GOLD
2013;Visual Merchandising;Lettonie;SILVER
2013;Visual Merchandising;Brésil;BRONZE
2013;Web Design;Corée du Sud;GOLD
2013;Web Design;Macao;SILVER
2013;Web Design;Iran;BRONZE
2011;Aide à la personne;Singapour;GOLD
2011;Aide à la personne;Finlande;SILVER
2011;Aide à la personne;Suède;SILVER
2011;Arts graphiques;Italie;GOLD
2011;Arts graphiques;Brésil;SILVER
2011;Arts graphiques;France;SILVER
2011;Bijouterie/Joaillerie;Corée du Sud;GOLD
2011;Bijouterie/Joaillerie;Brésil;GOLD
2011;Bijouterie/Joaillerie;Japon;BRONZE
2011;Bijouterie/Joaillerie;France;BRONZE
2011;Câblage des réseaux informatiques;Japon;GOLD
2011;Câblage des réseaux informatiques;Corée du Sud;SILVER
2011;Câblage des réseaux informatiques;Singapour;BRONZE
2011;Carrelage;Suisse;GOLD
2011;Carrelage;Allemagne;SILVER
2011;Carrelage;Autriche;BRONZE
2011;Carrelage;Corée du Sud;BRONZE
2011;Carrelage;Italie;BRONZE
2011;Charpente;Corée du Sud;GOLD
2011;Charpente;France;SILVER
2011;Charpente;Japon;SILVER
2011;Charpente;Allemagne;BRONZE
2011;Charpente Métallique de Construction;Autriche;GOLD
2011;Charpente Métallique de Construction;Suisse;SILVER
2011;Charpente Métallique de Construction;France;BRONZE
2011;CNC Fraisage;Japon;GOLD
2011;CNC Fraisage;Corée du Sud;GOLD
2011;CNC Fraisage;Liechtenstein;BRONZE
2011;CNC Fraisage;Brésil;BRONZE
2011;CNC Tournage;Japon;GOLD
2011;CNC Tournage;Thailande;GOLD
2011;CNC Tournage;Corée du Sud;GOLD
2011;Coiffure;France;GOLD
2011;Coiffure;Corée du Sud;SILVER
2011;Coiffure;Australie;BRONZE
2011;Coiffure;Finlande;BRONZE
2011;Contrôle industriel;Corée du Sud;GOLD
2011;Contrôle industriel;Japon;SILVER
2011;Contrôle industriel;Suisse;BRONZE
2011;Cuisinier;Royaume-Uni;GOLD
2011;Cuisinier;Norvège;GOLD
2011;Cuisinier;Autriche;BRONZE
2011;Modélisme;Japon;GOLD
2011;Modélisme;Thailande;GOLD
2011;Modélisme;Suisse;BRONZE
2011;DAO-Dessin industriel;Brésil;GOLD
2011;DAO-Dessin industriel;Singapour;SILVER
2011;DAO-Dessin industriel;Suisse;BRONZE
2011;DAO-Dessin industriel;Royaume-Uni;BRONZE
2011;DAO-Dessin industriel;Japon;BRONZE
2011;Ébénisterie;Allemagne;GOLD
2011;Ébénisterie;Suisse;SILVER
2011;Ébénisterie;Canada;BRONZE
2011;Ébénisterie;France;BRONZE
2011;Ébénisterie;Corée du Sud;BRONZE
2011;Électronique;Brésil;GOLD
2011;Électronique;Taiwan;SILVER
2011;Électronique;Suisse;SILVER
2011;Entretien d'aéronef;Irlande;GOLD
2011;Entretien d'aéronef;Finlande;SILVER
2011;Entretien d'aéronef;Canada;BRONZE
2011;Fleuriste;Corée du Sud;GOLD
2011;Fleuriste;Taiwan;SILVER
2011;Fleuriste;Finlande;BRONZE
2011;Gestion de réseaux informatiques;Singapour;GOLD
2011;Gestion de réseaux informatiques;Japon;GOLD
2011;Gestion de réseaux informatiques;Iran;BRONZE
2011;Imprimerie;Japon;GOLD
2011;Imprimerie;Finlande;SILVER
2011;Imprimerie;Belgique;BRONZE
2011;Installation électrique;Suisse;GOLD
2011;Installation électrique;Irlande;GOLD
2011;Installation électrique;Australie;GOLD
2011;Installation électrique;Corée du Sud;BRONZE
2011;Installation électrique;Norvège;BRONZE
2011;Jardinier/paysagiste;Suisse;GOLD
2011;Jardinier/paysagiste;Suède;SILVER
2011;Jardinier/paysagiste;Royaume-Uni;SILVER
2011;Maçonnerie;Danemark;GOLD
2011;Maçonnerie;Royaume-Uni;GOLD
2011;Maçonnerie;Australie;BRONZE
2011;Maçonnerie;Suisse;BRONZE
2011;Maçonnerie;Italie;BRONZE
2011;Manufacturing Team Challenge;Japon;GOLD
2011;Manufacturing Team Challenge;France;SILVER
2011;Manufacturing Team Challenge;Australie;BRONZE
2011;Mécatronique;Japon;GOLD
2011;Mécatronique;Brésil;GOLD
2011;Mécatronique;Suède;BRONZE
2011;Mécatronique;Corée du Sud;BRONZE
2011;Menuiserie;Corée du Sud;GOLD
2011;Menuiserie;Suisse;SILVER
2011;Menuiserie;Royaume-Uni;BRONZE
2011;Mode et création;Suisse;GOLD
2011;Mode et création;Taiwan;SILVER
2011;Mode et création;Macao;SILVER
2011;Mode et création;Thailande;SILVER
2011;Mold Making (moules);Corée du Sud;GOLD
2011;Mold Making (moules);Thailande;SILVER
2011;Mold Making (moules);Taiwan;BRONZE
2011;Pâtissier/confiseur;France;GOLD
2011;Pâtissier/confiseur;Japon;GOLD
2011;Pâtissier/confiseur;Autriche;GOLD
2011;Pâtissier/confiseur;Suisse;BRONZE
2011;Pâtissier/confiseur;Corée du Sud;BRONZE
2011;Peinture automobile;Corée du Sud;GOLD
2011;Peinture automobile;Australie;SILVER
2011;Peinture automobile;Royaume-Uni;BRONZE
2011;Peinture automobile;Suède;BRONZE
2011;Peinture automobile;Canada;BRONZE
2011;Peinture automobile;Norvège;BRONZE
2011;Peinture et décoration;Autriche;GOLD
2011;Peinture et décoration;Danemark;GOLD
2011;Peinture et décoration;Taiwan;BRONZE
2011;Peinture et décoration;Finlande;BRONZE
2011;Plâtrerie et Construction Sèche;Irlande;GOLD
2011;Plâtrerie et Construction Sèche;Corée du Sud;SILVER
2011;Plâtrerie et Construction Sèche;Suisse;BRONZE
2011;Plomberie et chauffage;Royaume-Uni;GOLD
2011;Plomberie et chauffage;Autriche;SILVER
2011;Plomberie et chauffage;Suisse;SILVER
2011;Polymécanique/Automation;Corée du Sud;GOLD
2011;Polymécanique/Automation;Allemagne;SILVER
2011;Polymécanique/Automation;Brésil;SILVER
2011;Polymécanique/Automation;Japon;SILVER
2011;Réfrigération technique;Brésil;GOLD
2011;Réfrigération technique;Australie;SILVER
2011;Réfrigération technique;Corée du Sud;BRONZE
2011;Réfrigération technique;Pays-Bas;BRONZE
2011;Réfrigération technique;Japon;BRONZE
2011;Réfrigération technique;Royaume-Uni;BRONZE
2011;Réfrigération technique;Taiwan;BRONZE
2011;Robotique mobile;Corée du Sud;GOLD
2011;Robotique mobile;Japon;SILVER
2011;Robotique mobile;Indonésie;BRONZE
2011;Service de restauration;Suisse;GOLD
2011;Service de restauration;Australie;SILVER
2011;Service de restauration;Finlande;SILVER
2011;Soins de Beauté;Singapour;GOLD
2011;Soins de Beauté;Finlande;SILVER
2011;Soins de Beauté;Canada;BRONZE
2011;Soudage;Corée du Sud;GOLD
2011;Soudage;États-Unis;SILVER
2011;Soudage;Chine;SILVER
2011;Soudage;Australie;SILVER
2011;Soudage;Brésil;BRONZE
2011;Soudage;Royaume-Uni;BRONZE
2011;Taille de pierre;France;GOLD
2011;Taille de pierre;Royaume-Uni;GOLD
2011;Taille de pierre;Corée du Sud;BRONZE
2011;Technologie automobile;Suisse;GOLD
2011;Technologie automobile;Japon;GOLD
2011;Technologie automobile;Royaume-Uni;BRONZE
2011;Technologie d’information applications de logiciels;Singapour;GOLD
2011;Technologie d’information applications de logiciels;Brésil;SILVER
2011;Technologie d’information applications de logiciels;Corée du Sud;SILVER
2011;Tôlerie;Taiwan;GOLD
2011;Tôlerie;Corée du Sud;GOLD
2011;Tôlerie;Japon;BRONZE
2011;Tôlerie/Carrosserie;Japon;GOLD
2011;Tôlerie/Carrosserie;Danemark;SILVER
2011;Tôlerie/Carrosserie;Taiwan;SILVER
2011;Tôlerie/Carrosserie;Royaume-Uni;SILVER
2011;Visual Merchandising;Royaume-Uni;GOLD
2011;Visual Merchandising;Pays-Bas;SILVER
2011;Visual Merchandising;Singapour;BRONZE
2011;Web Design;Brésil;GOLD
2011;Web Design;Corée du Sud;SILVER
2011;Web Design;Macao;BRONZE
2009;Aide à la personne;Singapour;GOLD
2009;Aide à la personne;Italie;SILVER
2009;Aide à la personne;Finlande;BRONZE
2009;Arts graphiques;Canada;GOLD
2009;Arts graphiques;Singapour;GOLD
2009;Arts graphiques;Thailande;BRONZE
2009;Bijouterie/Joaillerie;Corée du Sud;GOLD
2009;Bijouterie/Joaillerie;Brésil;SILVER
2009;Bijouterie/Joaillerie;Italie;SILVER
2009;Câblage des réseaux informatiques;Japon;GOLD
2009;Câblage des réseaux informatiques;Norvège;SILVER
2009;Câblage des réseaux informatiques;Suède;BRONZE
2009;Carrelage;Corée du Sud;GOLD
2009;Carrelage;Brésil;SILVER
2009;Carrelage;Australie;BRONZE
2009;Carrelage;Autriche;BRONZE
2009;Carrelage;Allemagne;BRONZE
2009;Charpente;Irlande;GOLD
2009;Charpente;Suisse;GOLD
2009;Charpente;Autriche;BRONZE
2009;Charpente Métallique de Constructions;Corée du Sud;GOLD
2009;Charpente Métallique de Constructions;Japon;SILVER
2009;Charpente Métallique de Constructions;Taiwan;BRONZE
2009;Charpente Métallique de Constructions;Suisse;BRONZE
2009;Charpente Métallique de Constructions;Irlande;BRONZE
2009;CNC Fraisage;Corée du Sud;GOLD
2009;CNC Fraisage;Brésil;SILVER
2009;CNC Fraisage;Japon;BRONZE
2009;CNC Tournage;Autriche;GOLD
2009;CNC Tournage;Corée du Sud;GOLD
2009;CNC Tournage;Thailande;GOLD
2009;CNC Tournage;Japon;BRONZE
2009;Coiffure;Finlande;GOLD
2009;Coiffure;Italie;SILVER
2009;Coiffure;France;BRONZE
2009;Contrôle industriel;Autriche;GOLD
2009;Contrôle industriel;Suède;SILVER
2009;Contrôle industriel;Allemagne;SILVER
2009;Couverture métallique;Suisse;GOLD
2009;Couverture métallique;Suède;SILVER
2009;Couverture métallique;Italie;BRONZE
2009;Couverture métallique;France;BRONZE
2009;Cuisinier;Allemagne;GOLD
2009;Cuisinier;Corée du Sud;GOLD
2009;Cuisinier;Royaume-Uni;GOLD
2009;Cuisinier;Taiwan;BRONZE
2009;DAO-Dessin industriel;Brésil;GOLD
2009;DAO-Dessin industriel;Suisse;SILVER
2009;DAO-Dessin industriel;Portugal;BRONZE
2009;DAO-Dessin industriel;Pays-Bas;BRONZE
2009;Ébénisterie;Taiwan;GOLD
2009;Ébénisterie;Canada;GOLD
2009;Ébénisterie;Italie;BRONZE
2009;Électronique;Brésil;GOLD
2009;Électronique;Corée du Sud;GOLD
2009;Électronique;Taiwan;GOLD
2009;Entretien d'aéronef;Irlande;GOLD
2009;Entretien d'aéronef;Canada;SILVER
2009;Entretien d'aéronef;Royaume-Uni;BRONZE
2009;Fleuriste;France;GOLD
2009;Fleuriste;Suède;SILVER
2009;Fleuriste;Taiwan;BRONZE
2009;Fleuriste;Royaume-Uni;BRONZE
2009;Fleuriste;Japon;BRONZE
2009;Gestion de réseaux informatiques;Singapour;GOLD
2009;Gestion de réseaux informatiques;Corée du Sud;SILVER
2009;Gestion de réseaux informatiques;Suisse;BRONZE
2009;Imprimerie;Suisse;GOLD
2009;Imprimerie;Japon;GOLD
2009;Imprimerie;Allemagne;BRONZE
2009;Imprimerie;Canada;BRONZE
2009;Installation électrique;Japon;GOLD
2009;Installation électrique;Royaume-Uni;GOLD
2009;Installation électrique;France;GOLD
2009;Installation électrique;Suisse;BRONZE
2009;Jardinier/paysagiste;Allemagne;GOLD
2009;Jardinier/paysagiste;Pays-Bas;SILVER
2009;Jardinier/paysagiste;Autriche;SILVER
2009;Maçonnerie;Corée du Sud;GOLD
2009;Maçonnerie;Finlande;GOLD
2009;Maçonnerie;Italie;BRONZE
2009;Maçonnerie;Australie;BRONZE
2009;Manufacturing Team Challenge;Corée du Sud;GOLD
2009;Manufacturing Team Challenge;Australie;SILVER
2009;Manufacturing Team Challenge;Taiwan;BRONZE
2009;Mécatronique;Japon;GOLD
2009;Mécatronique;Brésil;SILVER
2009;Mécatronique;Corée du Sud;BRONZE
2009;Mécatronique;Suède;BRONZE
2009;Menuiserie;Corée du Sud;GOLD
2009;Menuiserie;Allemagne;SILVER
2009;Menuiserie;Suisse;BRONZE
2009;Menuiserie;Royaume-Uni;BRONZE
2009;Mode et création;Suisse;GOLD
2009;Mode et création;Finlande;SILVER
2009;Mode et création;Taiwan;BRONZE
2009;Mode et création;Corée du Sud;BRONZE
2009;Mode et création;Canada;BRONZE
2009;Mold Making (moules);Corée du Sud;GOLD
2009;Mold Making (moules);Japon;SILVER
2009;Mold Making (moules);Inde;SILVER
2009;Pâtissier/confiseur;Autriche;GOLD
2009;Pâtissier/confiseur;Italie;GOLD
2009;Pâtissier/confiseur;Corée du Sud;BRONZE
2009;Peinture automobile;Japon;GOLD
2009;Peinture automobile;Corée du Sud;SILVER
2009;Peinture automobile;Finlande;BRONZE
2009;Peinture et décoration;Suisse;GOLD
2009;Peinture et décoration;Royaume-Uni;GOLD
2009;Peinture et décoration;France;BRONZE
2009;Plâtrerie et Construction Sèche;France;GOLD
2009;Plâtrerie et Construction Sèche;Suisse;SILVER
2009;Plâtrerie et Construction Sèche;Japon;BRONZE
2009;Plomberie et chauffage;Autriche;GOLD
2009;Plomberie et chauffage;Australie;SILVER
2009;Plomberie et chauffage;Corée du Sud;SILVER
2009;Polymécanique/Automation;Taiwan;GOLD
2009;Polymécanique/Automation;Autriche;SILVER
2009;Polymécanique/Automation;Suisse;BRONZE
2009;Réfrigération technique;Brésil;GOLD
2009;Réfrigération technique;Iran;SILVER
2009;Réfrigération technique;Thailande;BRONZE
2009;Réfrigération technique;Taiwan;BRONZE
2009;Robotique mobile;Japon;GOLD
2009;Robotique mobile;Corée du Sud;GOLD
2009;Robotique mobile;Singapour;BRONZE
2009;Robotique mobile;Taiwan;BRONZE
2009;Service de restauration;Australie;GOLD
2009;Service de restauration;Canada;GOLD
2009;Service de restauration;Italie;BRONZE
2009;Service de restauration;Royaume-Uni;BRONZE
2009;Service de restauration;Irlande;BRONZE
2009;Soins de Beauté;Australie;GOLD
2009;Soins de Beauté;Canada;SILVER
2009;Soins de Beauté;Royaume-Uni;BRONZE
2009;Soudage;Thailande;GOLD
2009;Soudage;États-Unis;SILVER
2009;Soudage;Brésil;BRONZE
2009;Soudage;Australie;BRONZE
2009;Soudage;Japon;BRONZE
2009;Taille de pierre;Suisse;GOLD
2009;Taille de pierre;Corée du Sud;SILVER
2009;Taille de pierre;France;BRONZE
2009;Technologie automobile;Irlande;GOLD
2009;Technologie automobile;États-Unis;SILVER
2009;Technologie automobile;Corée du Sud;BRONZE
2009;Technologie d’information applications de logiciels;Brésil;GOLD
2009;Technologie d’information applications de logiciels;Australie;SILVER
2009;Technologie d’information applications de logiciels;Taiwan;BRONZE
2009;Tôlerie;Taiwan;GOLD
2009;Tôlerie;Corée du Sud;SILVER
2009;Tôlerie;Australie;BRONZE
2009;Tôlerie/Carrosserie;Corée du Sud;GOLD
2009;Tôlerie/Carrosserie;Japon;SILVER
2009;Tôlerie/Carrosserie;Norvège;BRONZE
2009;Tôlerie/Carrosserie;Royaume-Uni;BRONZE
2009;Web Design;Suisse;GOLD
2009;Web Design;Canada;SILVER
2009;Web Design;Australie;BRONZE
2009;Web Design;Corée du Sud;BRONZE
2009;Web Design;Brésil;BRONZE
2007;Aide à la personne;Singapour;GOLD
2007;Aide à la personne;Émirats arabes unis;SILVER
2007;Aide à la personne;Pays-Bas;BRONZE
2007;Arts graphiques;Italie;GOLD
2007;Arts graphiques;Corée du Sud;SILVER
2007;Arts graphiques;Royaume-Uni;SILVER
2007;Bijouterie/Joaillerie;Corée du Sud;GOLD
2007;Bijouterie/Joaillerie;Australie;SILVER
2007;Bijouterie/Joaillerie;Taiwan;BRONZE
2007;Bijouterie/Joaillerie;Finlande;BRONZE
2007;Boulanger;France;GOLD
2007;Boulanger;Taiwan;SILVER
2007;Boulanger;Corée du Sud;BRONZE
2007;Carrelage;Suisse;GOLD
2007;Carrelage;France;SILVER
2007;Carrelage;Corée du Sud;SILVER
2007;Charpente;Corée du Sud;GOLD
2007;Charpente;Suisse;SILVER
2007;Charpente;Japon;SILVER
2007;Charpente Métallique de Constructions;Japon;GOLD
2007;Charpente Métallique de Constructions;Suisse;SILVER
2007;Charpente Métallique de Constructions;France;BRONZE
2007;CNC Fraisage;Japon;GOLD
2007;CNC Fraisage;Brésil;SILVER
2007;CNC Fraisage;Corée du Sud;SILVER
2007;CNC Tournage;Japon;GOLD
2007;CNC Tournage;Corée du Sud;SILVER
2007;CNC Tournage;Thailande;SILVER
2007;CNC Tournage;Autriche;SILVER
2007;Coiffure;Corée du Sud;GOLD
2007;Coiffure;France;SILVER
2007;Coiffure;Suisse;BRONZE
2007;Coiffure;Finlande;BRONZE
2007;Contrôle industriel;France;GOLD
2007;Contrôle industriel;Autriche;GOLD
2007;Contrôle industriel;Singapour;BRONZE
2007;Couverture métallique;Suisse;GOLD
2007;Couverture métallique;Italie;GOLD
2007;Couverture métallique;France;BRONZE
2007;Cuisinier;Canada;GOLD
2007;Cuisinier;Suisse;SILVER
2007;Cuisinier;Australie;BRONZE
2007;DAO-Dessin industriel;Singapour;GOLD
2007;DAO-Dessin industriel;Corée du Sud;SILVER
2007;DAO-Dessin industriel;Japon;BRONZE
2007;DAO-Dessin industriel;Brésil;BRONZE
2007;Ébénisterie;Royaume-Uni;GOLD
2007;Ébénisterie;Allemagne;SILVER
2007;Ébénisterie;Suisse;BRONZE
2007;Électronique;Japon;GOLD
2007;Électronique;Taiwan;SILVER
2007;Électronique;Allemagne;SILVER
2007;Fleuriste;Norvège;GOLD
2007;Fleuriste;Thailande;SILVER
2007;Fleuriste;Suède;BRONZE
2007;Gestion de réseaux informatiques;Singapour;GOLD
2007;Gestion de réseaux informatiques;Japon;SILVER
2007;Gestion de réseaux informatiques;Brésil;BRONZE
2007;Gestion de réseaux informatiques;Finlande;BRONZE
2007;Imprimerie;France;GOLD
2007;Imprimerie;Suisse;SILVER
2007;Imprimerie;Nouvelle-Zélande;BRONZE
2007;Installation électrique;Japon;GOLD
2007;Installation électrique;Thailande;SILVER
2007;Installation électrique;Australie;SILVER
2007;Installation électrique;Canada;SILVER
2007;Installation électrique;Corée du Sud;SILVER
2007;Installation électrique;Irlande;BRONZE
2007;Installation électrique;Suisse;BRONZE
2007;Jardinier/paysagiste;Japon;GOLD
2007;Jardinier/paysagiste;France;SILVER
2007;Jardinier/paysagiste;Allemagne;SILVER
2007;Maçonnerie;Corée du Sud;GOLD
2007;Maçonnerie;Pays-Bas;SILVER
2007;Maçonnerie;Danemark;BRONZE
2007;Maçonnerie;Italie;BRONZE
2007;Manufacturing Team Challenge;Corée du Sud;GOLD
2007;Manufacturing Team Challenge;Japon;SILVER
2007;Manufacturing Team Challenge;Brésil;BRONZE
2007;Manufacturing Team Challenge;Finlande;BRONZE
2007;Mécatronique;Suisse;GOLD
2007;Mécatronique;Brésil;SILVER
2007;Mécatronique;Corée du Sud;BRONZE
2007;Menuiserie;France;GOLD
2007;Menuiserie;Allemagne;SILVER
2007;Menuiserie;Suisse;SILVER
2007;Mode et création;Corée du Sud;GOLD
2007;Mode et création;Suisse;SILVER
2007;Mode et création;Canada;BRONZE
2007;Modélisme;Japon;GOLD
2007;Modélisme;Suisse;SILVER
2007;Modélisme;Corée du Sud;BRONZE
2007;Mold Making (moules);Japon;GOLD
2007;Mold Making (moules);Indonésie;SILVER
2007;Mold Making (moules);Irlande;BRONZE
2007;Pâtissier/confiseur;Japon;GOLD
2007;Pâtissier/confiseur;Corée du Sud;SILVER
2007;Pâtissier/confiseur;Italie;BRONZE
2007;Pâtissier/confiseur;Canada;BRONZE
2007;Peinture automobile;Finlande;GOLD
2007;Peinture automobile;Australie;SILVER
2007;Peinture automobile;Royaume-Uni;BRONZE
2007;Peinture automobile;Corée du Sud;BRONZE
2007;Peinture et décoration;Autriche;GOLD
2007;Peinture et décoration;Italie;SILVER
2007;Peinture et décoration;Suisse;BRONZE
2007;Peinture et décoration;France;BRONZE
2007;Pilotage de materiel mécanique;Japon;GOLD
2007;Pilotage de materiel mécanique;Corée du Sud;SILVER
2007;Pilotage de materiel mécanique;Taiwan;BRONZE
2007;Plâtrerie et Construction Sèche;Irlande;GOLD
2007;Plâtrerie et Construction Sèche;Japon;SILVER
2007;Plâtrerie et Construction Sèche;Suisse;BRONZE
2007;Plomberie et chauffage;Corée du Sud;GOLD
2007;Plomberie et chauffage;Japon;SILVER
2007;Plomberie et chauffage;Autriche;BRONZE
2007;Polymécanique/Automation;Japon;GOLD
2007;Polymécanique/Automation;Corée du Sud;SILVER
2007;Polymécanique/Automation;Taiwan;BRONZE
2007;Polymécanique/Automation;Brésil;BRONZE
2007;Polymécanique/Automation;Nouvelle-Zélande;BRONZE
2007;Réfrigération technique;Brésil;GOLD
2007;Réfrigération technique;Thailande;SILVER
2007;Réfrigération technique;Irlande;BRONZE
2007;Robotique mobile;Japon;GOLD
2007;Robotique mobile;Taiwan;SILVER
2007;Robotique mobile;Allemagne;BRONZE
2007;Robotique mobile;Finlande;BRONZE
2007;Robotique mobile;Corée du Sud;BRONZE
2007;Service de restauration;Finlande;GOLD
2007;Service de restauration;Allemagne;SILVER
2007;Service de restauration;Taiwan;BRONZE
2007;Soins de Beauté;Suisse;GOLD
2007;Soins de Beauté;France;SILVER
2007;Soins de Beauté;Suède;BRONZE
2007;Soudage;Canada;GOLD
2007;Soudage;Corée du Sud;GOLD
2007;Soudage;Japon;GOLD
2007;Taille de pierre;Corée du Sud;GOLD
2007;Taille de pierre;France;GOLD
2007;Taille de pierre;Allemagne;BRONZE
2007;Taille de pierre;Japon;BRONZE
2007;Taille de pierre;Italie;BRONZE
2007;Technologie automobile;Australie;GOLD
2007;Technologie automobile;Corée du Sud;SILVER
2007;Technologie automobile;Irlande;BRONZE
2007;Technologie automobile;Japon;BRONZE
2007;Technologie d’information applications de logiciels;Brésil;GOLD
2007;Technologie d’information applications de logiciels;Taiwan;SILVER
2007;Technologie d’information applications de logiciels;Iran;BRONZE
2007;Technologie d’information applications de logiciels;Corée du Sud;BRONZE
2007;Câblage des réseaux informatiques;Japon;GOLD
2007;Câblage des réseaux informatiques;Taiwan;SILVER
2007;Câblage des réseaux informatiques;Norvège;BRONZE
2007;Tôlerie;Japon;GOLD
2007;Tôlerie;Corée du Sud;GOLD
2007;Tôlerie;Taiwan;BRONZE
2007;Tôlerie/Carrosserie;Japon;GOLD
2007;Tôlerie/Carrosserie;Nouvelle-Zélande;SILVER
2007;Tôlerie/Carrosserie;Finlande;BRONZE
2007;Tôlerie/Carrosserie;Royaume-Uni;BRONZE
2007;Web Design;Corée du Sud;GOLD
2007;Web Design;Macao;SILVER
2007;Web Design;Canada;SILVER
2007;Web Design;Brésil;SILVER
2005;Arts graphiques;Canada;GOLD
2005;Arts graphiques;Norvège;SILVER
2005;Arts graphiques;Pays-Bas;BRONZE
2005;Bijouterie/Joaillerie;Italie;GOLD
2005;Bijouterie/Joaillerie;Hong Kong;GOLD
2005;Bijouterie/Joaillerie;Corée du Sud;BRONZE
2005;Carrelage;Italie;GOLD
2005;Carrelage;Suisse;SILVER
2005;Carrelage;Autriche;BRONZE
2005;Carrelage;Liechtenstein;BRONZE
2005;Charpente;Corée du Sud;GOLD
2005;Charpente;Suisse;SILVER
2005;Charpente;Italie;BRONZE
2005;Charpente Métallique de Construction;Taiwan;GOLD
2005;Charpente Métallique de Construction;Corée du Sud;SILVER
2005;Charpente Métallique de Construction;Suisse;SILVER
2005;CNC Tournage;Japon;GOLD
2005;CNC Tournage;Corée du Sud;SILVER
2005;CNC Tournage;Taiwan;BRONZE
2005;Coiffure;France;GOLD
2005;Coiffure;Suisse;SILVER
2005;Coiffure;Corée du Sud;BRONZE
2005;Coiffure;Finlande;BRONZE
2005;Contrôle industriel;Finlande;GOLD
2005;Contrôle industriel;Suède;GOLD
2005;Contrôle industriel;France;BRONZE
2005;Contrôle industriel;Brésil;BRONZE
2005;Couverture métallique;Suisse;GOLD
2005;Couverture métallique;Italie;SILVER
2005;Couverture métallique;Suède;BRONZE
2005;Cuisinier;Allemagne;GOLD
2005;Cuisinier;Suisse;SILVER
2005;Cuisinier;France;BRONZE
2005;Cuisinier;Italie;BRONZE
2005;Cuisinier;Australie;BRONZE
2005;DAO-Dessin industriel;Japon;GOLD
2005;DAO-Dessin industriel;Corée du Sud;SILVER
2005;DAO-Dessin industriel;Taiwan;BRONZE
2005;DAO-Dessin industriel;Suisse;BRONZE
2005;Ébénisterie;Suisse;GOLD
2005;Ébénisterie;Allemagne;GOLD
2005;Ébénisterie;Liechtenstein;GOLD
2005;Ébénisterie;Italie;BRONZE
2005;Électronique;Suisse;GOLD
2005;Électronique;Japon;SILVER
2005;Électronique;Taiwan;BRONZE
2005;Fleuriste;Finlande;GOLD
2005;Fleuriste;Pays-Bas;SILVER
2005;Fleuriste;Corée du Sud;SILVER
2005;Fleuriste;Suède;SILVER
2005;Fleuriste;Autriche;SILVER
2005;Gestion de réseaux informatiques;Singapour;GOLD
2005;Gestion de réseaux informatiques;Canada;SILVER
2005;Gestion de réseaux informatiques;Finlande;BRONZE
2005;Gestion de réseaux informatiques;Brésil;BRONZE
2005;Imprimerie;Belgique;GOLD
2005;Imprimerie;Allemagne;SILVER
2005;Imprimerie;Suisse;BRONZE
2005;Installation électrique;Italie;GOLD
2005;Installation électrique;Norvège;GOLD
2005;Installation électrique;Irlande;BRONZE
2005;Installation électrique;Finlande;BRONZE
2005;Jardinier/paysagiste;Suisse;GOLD
2005;Jardinier/paysagiste;France;GOLD
2005;Jardinier/paysagiste;Allemagne;BRONZE
2005;Maçonnerie;Autriche;GOLD
2005;Maçonnerie;Allemagne;SILVER
2005;Maçonnerie;Suisse;SILVER
2005;Maçonnerie;Italie;BRONZE
2005;Manufacturing Team Challenge;Australie;GOLD
2005;Manufacturing Team Challenge;Brésil;SILVER
2005;Manufacturing Team Challenge;Corée du Sud;BRONZE
2005;Manufacturing Team Challenge;Japon;BRONZE
2005;Mécatronique;Japon;GOLD
2005;Mécatronique;Suisse;SILVER
2005;Mécatronique;Allemagne;SILVER
2005;Menuiserie;Allemagne;GOLD
2005;Menuiserie;France;SILVER
2005;Menuiserie;Belgique;BRONZE
2005;Menuiserie;Suisse;BRONZE
2005;Menuiserie;Corée du Sud;BRONZE
2005;Mode et création;Corée du Sud;GOLD
2005;Mode et création;Thailande;SILVER
2005;Mode et création;Taiwan;BRONZE
2005;Mode et création;Suisse;BRONZE
2005;Pâtissier/confiseur;Italie;GOLD
2005;Pâtissier/confiseur;Canada;SILVER
2005;Pâtissier/confiseur;Allemagne;SILVER
2005;Peinture automobile;Suisse;GOLD
2005;Peinture automobile;Corée du Sud;SILVER
2005;Peinture automobile;Nouvelle-Zélande;SILVER
2005;Peinture et décoration;Autriche;GOLD
2005;Peinture et décoration;Finlande;SILVER
2005;Peinture et décoration;Suisse;BRONZE
2005;Plomberie et chauffage;Finlande;GOLD
2005;Plomberie et chauffage;Danemark;SILVER
2005;Plomberie et chauffage;Allemagne;BRONZE
2005;Polymécanique/Automation;Japon;GOLD
2005;Polymécanique/Automation;Taiwan;SILVER
2005;Polymécanique/Automation;Brésil;BRONZE
2005;Polymécanique/Automation;Suisse;BRONZE
2005;Réfrigération technique;Irlande;GOLD
2005;Réfrigération technique;Brésil;SILVER
2005;Réfrigération technique;Thailande;BRONZE
2005;Service de restauration;Autriche;GOLD
2005;Service de restauration;Irlande;GOLD
2005;Service de restauration;Italie;BRONZE
2005;Service de restauration;Australie;BRONZE
2005;Soins de Beauté;Italie;GOLD
2005;Soins de Beauté;Irlande;SILVER
2005;Soins de Beauté;Royaume-Uni;SILVER
2005;Soins de Beauté;Canada;BRONZE
2005;Soudage;Corée du Sud;GOLD
2005;Soudage;Australie;GOLD
2005;Soudage;Thailande;GOLD
2005;Taille de pierre;Allemagne;GOLD
2005;Taille de pierre;Royaume-Uni;SILVER
2005;Taille de pierre;Pays-Bas;SILVER
2005;Technologie automobile;Irlande;GOLD
2005;Technologie automobile;Autriche;SILVER
2005;Technologie automobile;Corée du Sud;BRONZE
2005;Technologie d’information applications de logiciels;Singapour;GOLD
2005;Technologie d’information applications de logiciels;Taiwan;SILVER
2005;Technologie d’information applications de logiciels;Corée du Sud;SILVER
2005;Câblage des réseaux informatiques;Japon;GOLD
2005;Câblage des réseaux informatiques;Corée du Sud;SILVER
2005;Câblage des réseaux informatiques;Suède;SILVER
2005;Tôlerie/Carrosserie;Royaume-Uni;GOLD
2005;Tôlerie/Carrosserie;Corée du Sud;SILVER
2005;Tôlerie/Carrosserie;Japon;BRONZE
2005;Transport et logistique;Finlande;GOLD
2005;Transport et logistique;Suède;SILVER
2005;Transport et logistique;Danemark;SILVER
2005;Web Design;Australie;GOLD
2005;Web Design;Canada;GOLD
2005;Web Design;Singapour;BRONZE
2005;Web Design;Macao;BRONZE